{"pitch_frame": [-1.6170045702122693, 8.566517778339957, 147.750119297847, 91.37272832720032], "pitch_phone": [-2.0960240629718667, 8.975260485010214, 185.40707702751962, 58.075480826225416], "energy_frame": [-1.2737696170806885, 8.556367874145508, 56.09202745243165, 44.03624107896113], "energy_phone": [-1.418023943901062, 5.079954624176025, 53.51477640603826, 37.7389811183875], "max_seq_len": 1483}